"IdG","Anno","IdL","IdC","Segnatura","Note","Totale"
"1","1394","1","1","ASCD 228",,"True"
"2","1400","1","1","ASCD 228","78 Denari = 1 Ducato","True"
"3","1402","1","1","ASCD 228",,"False"
"4","1403","1","1","ASCD 228",,"False"
"5","1404","1","1","Fondo Coluta 13",,"True"
"6","1407","1","1","Fondo Coluta 13","Penuria di carne""Dacium remissum beccarium"" dal dazio dei macelli ricavate 2Md + 7D","True"
"7","1408","1","1","Fondo Coluta 13",,"True"
"8","1348","2","2","ms. 882,5","Maffeo d'Aquileia","False"
"10","1412","3","0",,,"True"
"11","1408","2","0",,"1Ducato=97 Soldi Controllare il dazio dei drappi perché è pagato per più anni","False"
"12","1412","1","1","Fondo Coluta 13","116 Md =135 Ms+53S-4P","True"
"13","1416","1","1","Fondo Coluta 13",,"False"
"14","1414","1","1","ASCD 228",,"False"
"15","1415","1","1","ASCD 228",,"False"
"16","1417","1","1","ASCD 228",,"True"
"17","1418","1","1","ASCD 228",,"False"
"18","1419","1","1","ASCD 228",,"True"
"19","1405","3","0",,"Donatus Piviruti - Da mobilia et stabilia","False"
"20","1420","1","1","ASCD 229",,"True"
"21","1422","1","1","ASCD 229",,"False"
"22","1423","1","1","ASCD 229",,"False"
"23","1424","1","1","ASCD 229",,"False"
"24","1425","1","1","Fontanini 266",,"False"
"25","1426","1","1","ASCD 229",,"False"
"26","1427","1","1","ASCD 229",,"False"
"27","1430","1","1","ASCD 229",,"True"
"28","1431","1","1","ASCD 229",,"True"
"29","1432","1","1","ASCD 229",,"True"
"30","1433","1","1","ASCD 229",,"True"
"31","1436","1","1","ASCD 229","Nel totale manca il dazio del pane","True"
"32","1437","1","1","ASCD 230",,"False"
"33","1438","1","1","ASCD 230","Nel totale manca il dazio del pane","True"
"34","1439","1","1","ASCD 230",,"False"
"35","1440","1","1","ASCD 230",,"True"
"36","1441","1","1","ASCD 230","Nel testo del totale aggiunto 1200 L+  32 L + 13 S+ 4 P","True"
"37","1442","1","1","ASCD 230",,"False"
"38","1443","1","1","ASCD 230",,"False"
"39","1449","1","1","ASCD 230",,"False"
"40","1373","1","1","ASCD 228",,"False"
"41","1364","2","2","882,10 bis","Antonio della Scarperia da Bologna cc.7","False"
"42","1419","2","2","882,18","Federico di Savorgnan e Pietro Passerini cc.2 di 90","False"
"43","1391","2","2","882,15","Nanio de Mulargis cc5 di 74. Olio venduto in contanti per  1392 e 93 2 anni 132 MS, drappi","False"
"44","1384","2","2","882,13","Paolo Ermanno di Udine q. Missio di Remanzacco cc. 5 di 80, vino per l'85, vende il ferro per 85,86,87,88,89. 1Ducato=74,5 Denari","False"
"45","1356","2","2","882,10 bis","Brunaccio mercante da Udine di Domenico da Camino cc. 8  di 30. Il vino è stato venduto nel 1355","False"
"46","1357","2","2","882,10","Bunino di Gubertino  mercante di Udine.  cc 5 (35) di 42 (72). Il vino è venduto per tre anni a 1800M totali, l'olio a 5 anni per 410M, macello 5 anni 800M, drappi 5 anni 650M","False"
"47","1358","2","0",,,"False"
"48","1359","2","0",,,"False"
"49","1360","2","0",,,"False"
"50","1361","2","0",,,"False"
"51","1365","2","2",,"Trovato nei dazi del 1364 con data 1365","False"
"52","1392","2","0",,,"False"
"53","1393","2","0",,,"False"
"54","1385","2","2","882,14","Vendita olio, pane per il 1386, vende il macello  per due anni. Vendono olio 1387 -88, macello per 88, 89, 90, pane 87, 88, sale 87,88,89, quarte 87,88,90, vino trovato nel 1384","False"
"55","1386","2","0",,"trovato nel 1385","False"
"56","1387","2","0",,"trovato nel 1385","False"
"57","1388","2","0",,"trovato nel 1385","False"
"58","1389","2","0",,"trovato nel 1385","False"
"59","1390","2","0",,"trovato nel 1385","False"
"60","1346","3","0",,"Per il vino, il cuoio, pellicce, panni, lana, olio, formaggio, beccherie, lagenarum, macello, strutto, maiali, pane per i successivi 3 anni allo stesso prezzo per anno. I panni stricti vengono venduti per 2 anni. Da controllare i maiali.","False"
"61","1382","3","0",,,"False"
"62","1388","3","0",,"sono scritti ma non riempiti i dazi del vino, ferro e macello","False"
"63","1389","3","0",,,"False"
"64","1390","3","0",,,"False"
"65","1391","3","0",,,"False"
"66","1392","3","0",,,"False"
"67","1393","3","0",,,"False"
"68","1395","3","0",,"Delibera sulla vendita dazio vino entro la prima domenica di marzo","False"
"69","1396","3","0",,"Paghe dei dazi","False"
"70","1397","3","0",,,"False"
"71","1398","3","0",,,"False"
"72","1399","3","0",,,"False"
"73","1394","3","0",,"Delibera sulla possibilità di dare a terzi il dazio di macelli, misure ed altro","False"
"74","1400","3","0",,,"False"
"75","1402","3","0",,,"False"
"76","1404","3","0",,"Il dazio delle bozze fu compensatum al prezzo di 84 M","False"
"78","1406","3","0",,,"False"
"79","1407","3","0",,,"False"
"80","1408","3","0",,"Non si legge il vino, et aliter e del macello non si riesce a capire il nome dall'appaltatore. - Da vedere.","False"
"81","1409","3","0",,,"False"
"82","1410","3","0",,"Si trova un elenco di persone che contribuiscono ad un mutuo","False"
"83","1413","3","0",,"In delibera un mutuo forzoso, che utilizza il dazio vini come garanzia","False"
"84","1414","3","0",,"Vino - macello - ferro,  in pronta pecunia (sono in ducati), contiene imposizione fiscale divisa per quartieri. Controllare caombio ducato.","False"
"85","1415","3","0",,,"False"
"86","1416","3","0",,"Elenco imosizione per quartiere e per decena.","False"
"87","1417","3","0",,,"False"
"88","1418","3","0",,"Cercare i dazi, mutuo imposito","False"
"89","1419","3","0",,,"False"
"90","1419","3","0",,"Carico in bianco, Delibera per gestione del comune. Ci sono 2 volte i dazi controllare il registro, i primi sono riferiti a marzo i secondi a settembre. Lo strutto in pronta pecunia ed in marche di soldi. Mutuo.","False"
"91","1420","3","0",,"Imposizione fiscale pro faciendo aptare ad Tulmentum.","False"
"92","1421","3","0",,"Colta imposita pro fonte","False"
"93","1422","3","0",,"18 piccoli per ogni librra di castrato e 1 denaro per ogni libbra di carne bovina","False"
"94","1423","3","0",,"Decene- 18 piccli per castrato e 1 d per bovino","False"
"95","1424","3","0",,"Due Colte -imposizione fiscale -delibera sugli ebrei.","False"
"96","1426","3","0",,"mutuo imposto","False"
"97","1427","3","0",,"mutuo imposto","False"
"98","1428","3","0",,"Il dazio del macello non è sicuro perché lacunoso, come i maiali","False"
"99","1429","3","0",,,"False"
"100","1430","3","0",,"posita et colte - statuto mulini in volgare","False"
"101","1431","3","0",,"Nelle missitirie si dice ""vel domine Lucie""","False"
"103","1432","3","0",,,"False"
"104","1433","3","0",,"tranne il dazio del vino e dei maiali tutti gli altri sono pro anno futuro e così entrerà nell'uso","False"
"105","1434","3","0",,,"False"
"106","1436","3","0",,"In quest'anno viene introdotto il dazio su Fractionis et evaquationis ballarum et barilium.","False"
"107","1437","3","0",,,"False"
"108","1438","3","0",,,"False"
"109","1439","3","0",,"Inventarium rerum et bonorum comunitatis Glemone","False"
"110","1440","3","0",,,"False"
"111","1441","3","0",,"Provvedimenti di vendita carne","False"
"112","1442","3","0",,,"False"
"113","1443","3","0",,"Colta di legno","False"
"114","1445","3","0",,"Colta con la decrizione di 40 soldi per ogni 100 marche di allibramento","False"
"115","1446","3","0",,,"False"
"116","1447","3","0",,"Forse aggiunte agli statuti","False"
"117","1448","3","0",,"In alcuni dazi si specifica che sono stati venduti al prezzo dell'anno precedente.","False"
