"IdP","IdPr","IdF"
"1",,"0"
"52","118","1"
"53","69","1"
"54","69","1"
"55","62","1"
"56","91","1"
"57","30","1"
"58","115","1"
"59","118","1"
"60","119","1"
"61","111","1"
"62","63","1"
"64","95","1"
"100","91","1"
"101","78","1"
"102","69","1"
"103","42","1"
"104","97","1"
"105","79","1"
"106","99","1"
"107","54","1"
"108","104","1"
"109","62","1"
"110","98","1"
"111","92","1"
"112","95","1"
"301","1","1"
"303","16","1"
"304","17","1"
"305","18","1"
"306","19","1"
"307","20","1"
"308","21","1"
"309","22","1"
"310","23","1"
"311","24","1"
"312","25","1"
"312","26","1"
"313","26","1"
"314","27","1"
"315","23","1"
"316","26","1"
"317","28","1"
"318","29","1"
"319","30","1"
"320","31","1"
"321","32","1"
"322","33","1"
"323","34","1"
"324","35","1"
"325","36","1"
"326","37","1"
"327","30","1"
"328","38","1"
"329","35","1"
"330","39","1"
"331","34","1"
"334","42","1"
"335","43","1"
"336","36","1"
"337","44","1"
"338","40","1"
"339","45","1"
"340","40","1"
"341","31","1"
"342","46","1"
"343","47","1"
"344","38","1"
"345","48","1"
"346","40","1"
"347","49","1"
"348","50","1"
"349","51","1"
"350","52","1"
"351","35","1"
"352","40","1"
"353","44","1"
"354","53","1"
"355","39","1"
"356","54","1"
"357","48","1"
"358","55","1"
"359","56","1"
"360","30","1"
"361","57","1"
"362","58","1"
"363","30","1"
"364","59","1"
"365","58","1"
"366","59","1"
"367","60","1"
"368","37","1"
"369","61","1"
"370","30","1"
"371","62","1"
"372","34","1"
"373","30","1"
"374","30","1"
"375","63","1"
"376","64","1"
"377","65","1"
"378","66","1"
"379","62","1"
"380","67","1"
"381","66","1"
"382","52","1"
"383","68","1"
"384","69","1"
"385","34","1"
"386","34","1"
"387","69","1"
"388","69","1"
"389","66","1"
"390","40","1"
"391","70","1"
"392","52","1"
"393","54","1"
"394","71","1"
"395","30","1"
"396","44","1"
"397","40","1"
"398","34","1"
"399","34","1"
"400","73","1"
"401","72","1"
"402","53","1"
"403","74","1"
"404","56","1"
"405","40","1"
"406","52","1"
"407","65","1"
"408","44","1"
"409","69","1"
"410","59","1"
"411","30","1"
"412","30","1"
"413","44","1"
"414","44","1"
"415","75","1"
"416","54","1"
"417","59","1"
"418","76","1"
"419","34","1"
"420","41","1"
"421","77","1"
"422","78","1"
"423","69","1"
"424","34","1"
"425","30","1"
"426","34","1"
"427","79","1"
"428","80","1"
"429","30","1"
"430","81","1"
"431","76","1"
"432","82","1"
"433","83","1"
"434","30","1"
"435","30","1"
"436","78","1"
"437","84","1"
"438","85","1"
"439","53","1"
"440","72","1"
"441","86","1"
"442","54","1"
"443","87","1"
"444","34","1"
"445","34","1"
"446","83","1"
"447","86","1"
"448","88","1"
"449","67","1"
"450","67","1"
"451","69","1"
"452","67","1"
"453","89","1"
"454","83","1"
"455","88","1"
"456","54","1"
"457","90","1"
"458","88","1"
"459","91","1"
"460","92","1"
"461","93","1"
"462","54","1"
"463","40","1"
"464","49","1"
"465","34","1"
"466","53","1"
"467","31","1"
"468","72","1"
"469","39","1"
"470","40","1"
"471","70","1"
"472","30","1"
"473","54","1"
"474","34","1"
"475","53","1"
"476","78","1"
"477","65","1"
"478","94","1"
"479","62","1"
"480","54","1"
"481","30","1"
"482","54","1"
"483","95","1"
"484","79","1"
"485","63","1"
"486","79","1"
"487","96","1"
"488","30","1"
"489","40","1"
"490","41","1"
"491","30","1"
"492","78","1"
"493","69","1"
"494","97","1"
"495","78","1"
"496","91","1"
"497","97","1"
"498","98","1"
"499","99","1"
"500","34","1"
"501","34","1"
"502","92","1"
"503","83","1"
"504","100","1"
"505","79","1"
"506","101","1"
"507","102","1"
"508","83","1"
"509","44","1"
"510","62","1"
"511","54","1"
"512","69","1"
"513","83","1"
"514","98","1"
"515","95","1"
"516","95","1"
"517","84","1"
"518","97","1"
"519","86","1"
"520","73","1"
"521","62","1"
"522","97","1"
"523","99","1"
"524","105","1"
"525","95","1"
"526","95","1"
"527","84","1"
"528","44","1"
"529","99","1"
"530","44","1"
"531","106","1"
"532","44","1"
"533","79","1"
"534","95","1"
"535","69","1"
"536","44","1"
"537","107","1"
"538","95","1"
"539","44","1"
"540","98","1"
"541","108","1"
"542","0","1"
"543","44","1"
"544","79","1"
"545","109","1"
"546","110","1"
"547","111","1"
"548","95","1"
"549","98","1"
"550","95","1"
"551","77","1"
"552","44","1"
"553","112","1"
"554","79","1"
"555","79","1"
"556","79","1"
"557","113","1"
"558","95","1"
"559","98","1"
"560","62","1"
"561","79","1"
"562","62","1"
"563","53","1"
"564","30","1"
"565","30","1"
"566","79","1"
"567","114","1"
"568","114","1"
"569","115","1"
"570","69","1"
"571","116","1"
"572","117","1"
"573","91","1"
"574","31","1"
"575","114","1"
"576","96","1"
"577","120","1"
"578","30","1"
"579","96","1"
"580","121","1"
"581","122","1"
"582","97","1"
"583","120","1"
"584","96","1"
"585","95","1"
"586","96","1"
"587","123","1"
"587","107","1"
"587","147","1"
"588","124","1"
"589","107","1"
"590","62","1"
"591","125","1"
"592","97","1"
"593","126","1"
"594","62","1"
"595","44","1"
"596","98","1"
"597","95","1"
"598","99","1"
"599","53","1"
"600","95","1"
"601","30","1"
"602","30","1"
"603","96","1"
"604","99","1"
"605","98","1"
"606","59","1"
"607","98","1"
"608","98","1"
"609","70","1"
"610","118","1"
"611","53","1"
"612","95","1"
"613","62","1"
"614","97","1"
"615","124","1"
"616","99","1"
"617","117","1"
"618","127","1"
"619","98","1"
"620","126","1"
"621","95","1"
"622","117","1"
"623","123","1"
"624","95","1"
"625","96","1"
"626","129","1"
"627","130","1"
"628","98","1"
"629","131","1"
"630","132","1"
"631","117","1"
"632","30","1"
"633","133","1"
"634","134","1"
"635","135","1"
"636","136","1"
"637","97","1"
"638","137","1"
"639","138","1"
"640","95","1"
"641","95","1"
"642","135","1"
"643","136","1"
"644","97","1"
"645","137","1"
"646","131","1"
"647","95","1"
"648","95","1"
"649","44","1"
"650","139","1"
"651","133","1"
"652","140","1"
"653","53","1"
"654","117","1"
"655","62","1"
"656","127","1"
"657","141","1"
"658","62","1"
"659","62","1"
"660","96","1"
"661","62","1"
"662","59","1"
"663","139","1"
"664","117","1"
"665","139","1"
"666","141","1"
"667","126","1"
"668","142","1"
"669","97","1"
"670","106","1"
"671","141","1"
"672","143","1"
"673","144","1"
"674","118","1"
"675","117","1"
"676","107","1"
"677","44","1"
"678","117","1"
"679","145","1"
"680","139","1"
"681","117","1"
"682","148","1"
"683","97","0"
"684","106","0"
"685","149","0"
"686","150","0"
"687","142","0"
"688","96","0"
"689","143","0"
"690","121","0"
"691","139","0"
"692","151","0"
"693","117","0"
"694","98","0"
"695","117","0"
"696","141","0"
"697","97","0"
"698","106","0"
"699","106","0"
"700","152","0"
"701","153","0"
"701","154","0"
"702","155","0"
"703","156","0"
"704","149","0"
"705","143","0"
"706","139","0"
"707","158","0"
"708","139","0"
"709","62","0"
"710","62","0"
"711","139","0"
"712","156","0"
"713","143","0"
"714","150","0"
"715","155","0"
"716","139","0"
"717","121","0"
"718","143","0"
"719","62","0"
"720","141","0"
"721","139","0"
"722","159","0"
"723","160","0"
"724","150","0"
"725","106","0"
"726","97","0"
"727","161","0"
"728","161","0"
"729","162","0"
"730","139","0"
"731","97","0"
"732","107","0"
"733","144","0"
"734","117","0"
"735","62","0"
"736","161","0"
"737","160","0"
"738","139","0"
"739","163","0"
"740","49","0"
"741","143","0"
"742","124","0"
"743","117","0"
"744","97","0"
"745","107",
"746","164","0"
"747","115","0"
"748","115","0"
"749","123","0"
"750","165","0"
"751","139","0"
"752","97","0"
"753","148","0"
"754","144","0"
"755","161","0"
"756","143","0"
"757","97","0"
"758","161","0"
"759","119","0"
"760","97","0"
"761","143","0"
"762","62","0"
"763","98","0"
"764","166","0"
"765","167","0"
"766","143","0"
"767","43","0"
"768","144","0"
"769","168","0"
"770","169","0"
"771","142","0"
"772","144","0"
"773","117","0"
"774","169","0"
"775","99","0"
"776","169","0"
"777","139","0"
"778","149","0"
"779","62","0"
"780","167","0"
"781","170","0"
"782","171","0"
"783","170","0"
"784","171","0"
"785","144","0"
"786","172","0"
"787","173","0"
"788","143","0"
"789","144","0"
"790","167","0"
"791","174","0"
"792","175","0"
"793","167","0"
"794","176","0"
"795","143","0"
"796","97","0"
"797","143","0"
"798","43","0"
"799","172","0"
"800","177","0"
"801","139","0"
"802","167","0"
"803","139","0"
"804","149","0"
"805","49","0"
"806","178","0"
"807","177","0"
"808","143","0"
"809","169","0"
"810","143","0"
"811","49","0"
"812","172","0"
"813","149","0"
"814","179","0"
"815","179","0"
"816","180","0"
"817","181","0"
"818","62","0"
"819","170","0"
"820","182","0"
"821","62","0"
"822","143","0"
"823","170","0"
"824","167","0"
"825","117","0"
"826","180","0"
"827","183","0"
"828","183","0"
"829","112","0"
"830","149","0"
"831","183","0"
"832","143","0"
"833","98","0"
"834","62","0"
"835","170","0"
"836","98","0"
"837","98","0"
"838","98","0"
"839","184","0"
"840","185","0"
"841","163","0"
"842","139","0"
"843","100","0"
"844","170","0"
"845","184","0"
"846","170","0"
"847","1","0"
"848","186","0"
"849","139","0"
"850","49","0"
"851","170","0"
"852","139","0"
"853","187","0"
"854","183","0"
"855","98","0"
"856","188","0"
"857","178","0"
"858","189","0"
"859","190","0"
"860","191","0"
"861","192","0"
"862","172","0"
"863","178","0"
"864","172","0"
"865","193","0"
"866","188","0"
"867","139","0"
"868","98","0"
"869","194","0"
"869","195","0"
"870","188","0"
"871","196","0"
"872","98","0"
"873","184","0"
"874","197","0"
"875","198","0"
"876","107","0"
"877","139","0"
"878","188","0"
"879","139","0"
"880","188","0"
"881","188","0"
"882","188","0"
"884","178","0"
"885","196","0"
"886","139","0"
"887","189","0"
"888","199","0"
"889","196","0"
"890","143","0"
"891","175","0"
"892","112","0"
"893","196","0"
"894","184","0"
"895","196","0"
"896","200","0"
"897","194","0"
"898","196","0"
"899","97","0"
"900","201","0"
"901","202","0"
"902","203","0"
"903","204","0"
"904","123","0"
"905","139","0"
"906","49","0"
"907","188","0"
"908","204","0"
"909","205","0"
"910","196","0"
"911","194","0"
"912","129","0"
"913","206","0"
"914","207","0"
"915","189","0"
"916","208","0"
"917","192","0"
"918","209","0"
"919","208","0"
"920","210","0"
"921","211","0"
"922","123","0"
"923","185","0"
"924","175","0"
"925","195","0"
"926","188","0"
"927","210","0"
"928","139","0"
"929","172","0"
"930","212","0"
"931","185","0"
"932","189","0"
"933","97","0"
"934","213","0"
"935","214","0"
"936","139","0"
"937","209","0"
"938","213","0"
"939","195","0"
"940","185","0"
"941","204","0"
"942","139","0"
"943","215","0"
"944","216","0"
"945","185","0"
"946","216","0"
"947","139","0"
"948","123","0"
"949","211","0"
"950","207","0"
"951","217","0"
"952","217","0"
"953","194","0"
"954","188","0"
"955","184","0"
"956","139","0"
"957","208","0"
"958","172","0"
"959","218","0"
"960","217","0"
"961","207","0"
"962","216","0"
"963","172","0"
"964","207","0"
"965","208","0"
"966","207","0"
"967","133","0"
"968","185","0"
"969","172","0"
"970","197","0"
"971","220","0"
"972","172","0"
"973","207","0"
"974","207","0"
"975","143","0"
"976","212","0"
"977","218","0"
"978","188","0"
"979","210","0"
"980","209","0"
"981","221","0"
"982","188","0"
"983","218","0"
"984","222","0"
"985","178","0"
"986","218","0"
"987","207","0"
"988","223","0"
"989","143","0"
"990","224","0"
"991","209","0"
"992","207","0"
"993","218","0"
"994","172","0"
"995","133","0"
"996","188","0"
"997","188","0"
"998","225","0"
"999","123","0"
"1000","218","0"
"1001","123","0"
"1002","223","0"
"1003","143","0"
"1004","192","0"
"1005","226","0"
"1006","227","0"
"1007","123","0"
"1008",,"0"
"1009","195","0"
