"IdP","IdS","IdR","IdG"
"1","1","8","1"
"2","2","8","1"
"3","3","8","1"
"4","4","8","1"
"5","7","8","1"
"6","1","8","2"
"7","2","8","2"
"8","3","8","2"
"9","4","8","2"
"10","7","8","2"
"11","1","8","3"
"12","2","8","3"
"13","3","8","3"
"14","4","8","3"
"15","1","8","4"
"16","2","8","4"
"17","3","8","4"
"18","4","8","4"
"19","1","8","5"
"20","2","8","5"
"21","3","8","5"
"22","4","8","5"
"23","7","8","5"
"24","1","8","6"
"25","2","8","6"
"26","3","8","6"
"27","4","8","6"
"28","7","8","6"
"29","1","8","7"
"30","2","8","7"
"31","3","8","7"
"32","4","8","7"
"33","7","8","7"
"34","9","8","8"
"35","5","8","8"
"36","8","8","8"
"37","1","8","8"
"38","1","8","9"
"39","3","8","9"
"40","8","8","9"
"41","5","8","9"
"42","12","8","9"
"43","13","8","9"
"44","15","8","9"
"45","4","8","9"
"46","11","8","9"
"47","6","8","9"
"48","16","8","9"
"49","17","8","9"
"50","9","8","9"
"51","7","8","9"
"52","1","8","10"
"53","3","8","10"
"54","15","8","10"
"55","16","8","10"
"56","18","8","10"
"57","11","8","10"
"58","6","8","10"
"59","13","8","10"
"60","8","8","10"
"61","4","8","10"
"62","31","8","10"
"63","1","8","11"
"64","9","8","10"
"66","1","8","12"
"67","2","8","12"
"68","3","8","12"
"69","4","8","12"
"70","7","8","12"
"71","3","8","11"
"72","8","8","11"
"73","9","8","11"
"74","1","8","13"
"75","2","8","13"
"76","3","8","13"
"77","4","8","13"
"78","1","8","14"
"79","2","8","14"
"80","3","8","14"
"81","4","8","14"
"82","1","8","15"
"83","2","8","15"
"84","3","8","15"
"85","4","8","15"
"86","1","8","16"
"87","2","8","16"
"88","3","8","16"
"89","4","8","16"
"90","7","8","16"
"91","1","8","17"
"92","2","8","17"
"93","3","8","17"
"94","4","8","17"
"95","1","8","18"
"96","2","8","18"
"97","3","8","18"
"98","4","8","18"
"99","7","8","18"
"100","30","8","19"
"101","3","8","19"
"102","15","8","19"
"103","18","8","19"
"104","11","8","19"
"105","16","8","19"
"106","6","8","19"
"107","13","8","19"
"108","4","8","19"
"109","9","8","19"
"110","19","8","19"
"111","14","8","19"
"112","8","8","19"
"113","1","8","20"
"114","2","8","20"
"115","3","8","20"
"116","4","8","20"
"117","7","8","20"
"118","1","8","21"
"119","2","8","21"
"120","3","8","21"
"121","4","8","21"
"122","1","8","22"
"123","2","8","22"
"124","3","8","22"
"125","4","8","22"
"126","1","8","23"
"127","2","8","23"
"128","3","8","23"
"129","4","8","23"
"130","1","8","24"
"131","2","8","24"
"132","3","8","24"
"133","4","8","24"
"134","1","8","25"
"135","2","8","25"
"136","3","8","25"
"137","4","8","25"
"138","1","8","26"
"139","2","8","26"
"140","3","8","26"
"141","4","8","26"
"142","1","8","27"
"143","2","8","27"
"144","3","8","27"
"145","4","8","27"
"146","7","8","27"
"147","1","8","28"
"148","2","8","28"
"149","3","8","28"
"150","4","8","28"
"151","7","8","28"
"152","1","8","29"
"153","2","8","29"
"154","3","8","29"
"155","4","8","29"
"156","7","8","29"
"157","1","8","30"
"158","2","8","30"
"159","3","8","30"
"160","4","8","30"
"161","7","8","30"
"162","1","8","31"
"163","2","8","31"
"164","3","8","31"
"165","4","8","31"
"166","7","8","31"
"167","1","8","32"
"168","2","8","32"
"169","3","8","32"
"170","4","8","32"
"171","1","8","33"
"172","2","8","33"
"173","3","8","33"
"174","4","0","33"
"175","7","8","33"
"176","1","8","34"
"177","2","8","34"
"178","3","8","34"
"179","4","8","34"
"180","1","8","35"
"181","1","8","36"
"182","2","8","35"
"183","3","8","35"
"184","4","8","35"
"185","7","8","35"
"186","2","8","36"
"187","3","8","36"
"188","4","8","36"
"189","7","8","36"
"190","1","8","37"
"191","2","8","37"
"192","3","8","37"
"193","4","8","37"
"194","1","8","38"
"195","2","8","38"
"196","3","8","38"
"197","4","8","38"
"198","3","8","39"
"199","1","1","40"
"200","1","2","40"
"201","1","3","40"
"202","1","4","40"
"203","1","5","40"
"204","1","6","40"
"205","3","1","40"
"206","3","2","40"
"207","3","3","40"
"208","3","4","40"
"209","3","5","40"
"210","3","6","40"
"211","11","1","40"
"212","11","2","40"
"213","11","3","40"
"214","11","4","40"
"215","11","5","40"
"216","11","6","40"
"217","3","8","41"
"218","11","8","41"
"219","5","8","41"
"220","9","8","41"
"221","8","8","41"
"222","5","8","45"
"223","11","8","45"
"224","20","8","45"
"225","3","8","45"
"226","8","8","45"
"227","9","8","45"
"228","4","8","45"
"229","1","8","46"
"230","1","8","47"
"231","1","8","48"
"232","11","8","46"
"233","11","8","47"
"234","11","8","48"
"235","11","8","49"
"236","11","8","50"
"237","3","8","46"
"238","3","8","47"
"239","3","8","48"
"240","3","8","49"
"241","3","8","50"
"242","5","8","46"
"243","5","8","47"
"244","5","8","48"
"245","5","8","49"
"246","5","8","50"
"247","9","8","46"
"248","8","8","46"
"249","20","8","46"
"250","4","8","46"
"251","21","8","46"
"252","20","8","41"
"253","4","8","41"
"254","21","8","41"
"255","5","8","51"
"256","20","8","51"
"257","8","8","51"
"258","1","8","51"
"259","3","8","51"
"260","11","8","51"
"261","20","8","43"
"262","3","8","43"
"263","8","8","43"
"264","15","8","43"
"266","11","8","52"
"267","11","8","53"
"268","20","8","52"
"269","20","8","53"
"270","3","8","52"
"271","1","8","52"
"272","11","8","55"
"273","9","8","55"
"275","3","8","55"
"277","11","8","56"
"278","11","8","57"
"279","1","8","56"
"280","3","8","57"
"281","3","8","58"
"282","3","8","59"
"283","9","8","56"
"284","9","8","57"
"285","8","8","56"
"286","8","8","57"
"287","8","8","58"
"288","20","8","56"
"289","20","8","57"
"290","20","8","58"
"291","1","0","55"
"292","3","8","56"
"293","1","8","54"
"294","21","8","44"
"295","15","8","44"
"296","15","8","54"
"297","15","8","55"
"298","15","8","56"
"299","15","8","57"
"300","15","8","58"
"301","1","8","60"
"303","22","8","60"
"304","23","8","60"
"305","24","8","60"
"306","25","0","60"
"307","26","8","60"
"308","11","8","60"
"309","19","8","60"
"310","27","8","60"
"311","28","8","60"
"312","3","8","60"
"313","14","8","60"
"314","4","8","60"
"315","13","8","60"
"316","9","8","60"
"317","6","8","60"
"318","15","8","60"
"319","29","8","61"
"320","4","8","61"
"321","16","8","61"
"322","6","8","61"
"323","18","8","62"
"324","14","8","62"
"325","27","8","62"
"326","13","8","62"
"327","6","8","62"
"328","19","8","62"
"329","11","8","62"
"330","8","8","62"
"331","16","8","62"
"332","4","8",
"333","9","8",
"334","18","8","63"
"335","14","8","63"
"336","27","8","63"
"337","13","8","63"
"338","19","8","63"
"339","11","8","63"
"340","8","8","63"
"341","16","8","63"
"342","4","8","63"
"343","9","8","63"
"344","15","8","63"
"345","18","8","64"
"346","14","8","64"
"347","27","8","64"
"348","6","8","64"
"349","16","8","64"
"350","19","8","64"
"351","11","8","64"
"352","8","8","64"
"353","4","8","64"
"354","9","8","64"
"355","15","8","64"
"356","13","8","64"
"357","18","8","65"
"358","14","8","65"
"359","27","8","65"
"360","6","8","65"
"361","16","8","65"
"362","19","8","65"
"363","11","8","65"
"364","8","8","65"
"365","4","8","65"
"366","9","8","65"
"367","15","8","65"
"368","13","8","65"
"369","3","8","65"
"370","18","8","66"
"371","14","8","66"
"372","27","8","66"
"373","6","8","66"
"374","16","8","66"
"375","19","8","66"
"376","11","8","66"
"377","8","8","66"
"378","4","8","66"
"379","9","8","66"
"380","15","8","66"
"381","13","8","66"
"382","18","8","67"
"383","14","8","67"
"384","27","8","67"
"385","6","8","67"
"386","16","8","67"
"387","19","8","67"
"388","11","8","67"
"389","8","8","67"
"390","4","8","67"
"391","9","8","67"
"392","15","8","67"
"393","13","8","67"
"394","3","8","67"
"395","30","8","68"
"396","18","8","68"
"397","14","8","68"
"398","6","8","68"
"399","16","8","68"
"400","19","8","68"
"401","11","8","68"
"402","15","8","68"
"403","13","8","68"
"404","3","8","68"
"405","8","8","68"
"406","4","8","68"
"407","9","8","68"
"408","30","8","69"
"409","18","8","69"
"410","14","8","69"
"411","6","8","69"
"412","16","8","69"
"413","19","8","69"
"414","11","8","69"
"415","15","8","69"
"416","13","8","69"
"417","3","8","69"
"418","8","8","69"
"419","4","8","69"
"420","9","8","69"
"421","30","8","70"
"422","3","8","70"
"423","25","8","70"
"424","14","8","70"
"425","6","8","70"
"426","16","8","70"
"427","19","8","70"
"428","11","8","70"
"429","15","8","70"
"430","13","8","70"
"431","8","8","70"
"432","4","8","70"
"433","9","8","70"
"434","1","8","71"
"435","29","8","71"
"436","3","8","71"
"437","25","8","71"
"438","6","8","71"
"439","16","8","71"
"440","11","8","71"
"441","15","8","71"
"442","13","8","71"
"443","8","8","71"
"444","4","8","71"
"445","14","8","71"
"446","19","8","71"
"447","9","8","71"
"448","1","8","72"
"449","29","8","72"
"450","3","8","72"
"451","25","8","72"
"452","6","8","72"
"453","16","8","72"
"454","11","8","72"
"455","15","8","72"
"456","13","8","72"
"457","8","8","72"
"458","4","8","72"
"459","14","8","72"
"460","19","8","72"
"461","9","8","72"
"462","18","8","73"
"463","14","8","73"
"464","27","8","73"
"465","6","8","73"
"466","16","8","73"
"467","19","8","73"
"468","11","8","73"
"469","8","8","73"
"470","4","8","73"
"471","9","8","73"
"472","15","8","73"
"473","13","8","73"
"474","3","8","73"
"475","30","8","74"
"476","3","8","74"
"477","18","8","74"
"478","6","8","74"
"479","16","8","74"
"480","11","8","74"
"481","15","8","74"
"482","13","8","74"
"483","8","8","74"
"484","4","8","74"
"485","14","8","74"
"486","19","8","74"
"487","9","8","74"
"488","15","8","62"
"489","4","8","62"
"490","9","8","62"
"491","30","8","75"
"492","3","8","75"
"493","18","8","75"
"494","6","8","75"
"495","16","8","75"
"496","11","8","75"
"497","15","8","75"
"498","13","8","75"
"499","8","8","75"
"500","4","8","75"
"501","14","8","75"
"502","19","8","75"
"503","9","8","75"
"504","30","8","76"
"505","3","8","76"
"506","18","8","76"
"507","6","8","76"
"508","16","8","76"
"509","11","8","76"
"510","15","8","76"
"511","13","8","76"
"512","8","8","76"
"513","4","8","76"
"514","14","8","76"
"515","19","8","76"
"516","9","8","76"
"517","30","8","78"
"518","3","0","78"
"519","15","8","78"
"520","18","8","78"
"521","16","8","78"
"522","11","8","78"
"523","6","8","78"
"524","13","8","78"
"525","4","8","78"
"526","9","8","78"
"527","19","8","78"
"528","8","8","78"
"529","14","8","78"
"530","30","8","79"
"531","3","8","79"
"532","15","8","79"
"533","16","8","79"
"534","18","8","79"
"535","6","8","79"
"536","11","8","79"
"537","13","8","79"
"538","8","8","79"
"539","4","8","79"
"540","31","8","79"
"541","9","8","79"
"542","3","8","80"
"543","15","8","80"
"544","16","8","80"
"545","18","8","80"
"546","11","8","80"
"547","6","8","80"
"548","4","8","80"
"549","31","8","80"
"550","9","8","80"
"551","30","8","81"
"552","3","8","81"
"553","15","8","81"
"554","16","8","81"
"555","18","8","81"
"556","11","8","81"
"557","6","8","81"
"558","13","8","81"
"559","8","8","81"
"560","4","8","81"
"561","31","8","81"
"562","9","8","81"
"563","30","8","82"
"564","3","8","82"
"565","15","8","82"
"566","16","8","82"
"567","18","8","82"
"568","11","8","82"
"569","6","8","82"
"570","13","8","82"
"571","8","8","82"
"572","4","8","82"
"573","14","8","82"
"574","9","8","82"
"575","30","8","83"
"576","3","8","83"
"577","15","8","83"
"578","16","8","83"
"579","18","8","83"
"580","11","8","83"
"581","6","8","83"
"582","13","8","83"
"583","8","8","83"
"584","4","8","83"
"585","9","8","83"
"586","14","8","83"
"587","30","8","84"
"588","3","8","84"
"589","15","8","84"
"590","16","8","84"
"591","18","8","84"
"592","11","8","84"
"593","6","8","84"
"594","13","8","84"
"595","8","8","84"
"596","4","8","84"
"597","9","8","84"
"598","14","8","84"
"599","30","8","85"
"600","3","8","85"
"601","15","8","85"
"602","16","8","85"
"603","18","8","85"
"604","11","8","85"
"605","6","8","85"
"606","13","8","85"
"607","8","8","85"
"608","4","8","85"
"609","9","8","85"
"610","14","8","85"
"611","30","8","86"
"612","3","8","86"
"613","15","8","86"
"614","16","8","86"
"615","18","8","86"
"616","11","8","86"
"617","6","8","86"
"618","13","8","86"
"619","8","8","86"
"620","4","8","86"
"621","9","8","86"
"622","14","8","86"
"623","30","8","87"
"624","3","8","87"
"625","18","8","87"
"626","11","8","87"
"627","13","8","87"
"628","8","8","87"
"629","4","8","87"
"630","9","8","87"
"631","32","8","87"
"632","33","8","87"
"633","34","8","87"
"634","35","8","87"
"635","3","8","89"
"636","6","8","89"
"637","13","8","89"
"638","8","8","89"
"639","4","8","89"
"640","9","8","89"
"641","14","8","89"
"642","3","8","90"
"643","6","8","90"
"644","13","8","90"
"645","8","8","90"
"646","4","8","90"
"647","9","8","90"
"648","14","8","90"
"649","3","8","90"
"650","8","8","90"
"651","4","8","90"
"652","9","8","90"
"653","14","8","90"
"654","6","8","90"
"655","30","8","91"
"656","3","8","91"
"657","16","8","91"
"658","15","8","91"
"659","18","8","91"
"660","11","8","91"
"661","6","8","91"
"662","13","8","91"
"663","8","8","91"
"664","4","8","91"
"665","9","8","91"
"666","14","8","91"
"667","36","8","91"
"668","30","8","92"
"669","3","9","92"
"670","3","9","92"
"671","16","8","92"
"672","15","8","92"
"673","18","8","92"
"674","11","8","92"
"675","6","8","92"
"676","13","8","92"
"677","8","8","92"
"678","4","8","92"
"679","9","8","92"
"680","14","8","92"
"681","36","8","92"
"682","30","8","93"
"683","3","9","93"
"684","3","9","93"
"685","15","8","93"
"686","16","8","93"
"687","9","8","93"
"688","11","8","93"
"689","13","8","93"
"690","6","8","93"
"691","14","8","93"
"692","8","8","93"
"693","4","8","93"
"694","18","8","93"
"695","37","0","93"
"696","30","8","94"
"697","3","9","94"
"698","3","9",
"699","3","9","94"
"700","15","8","94"
"701","16","8","94"
"702","18","8","94"
"703","11","8","94"
"704","6","8","94"
"705","13","8","94"
"706","8","8","94"
"707","4","8","94"
"708","14","8","94"
"709","9","8","94"
"710","38","8","94"
"711","30","8","95"
"712","3","8","95"
"713","15","8","95"
"714","16","8","95"
"715","18","8","95"
"716","11","8","95"
"717","6","8","95"
"718","13","8","95"
"719","8","8","95"
"720","4","8","95"
"721","31","8","95"
"722","9","8","95"
"723","34","8","95"
"724","30","8","96"
"725","3","9","96"
"726","3","9","96"
"727","15","8","96"
"728","16","8","96"
"729","18","8","96"
"730","11","8","96"
"731","6","8","96"
"732","13","8","96"
"733","8","8","96"
"734","4","8","96"
"735","14","8","96"
"736","9","8","96"
"737","34","8","96"
"738","30","8","97"
"739","3","8","97"
"740","15","8","97"
"741","16","8","97"
"742","18","8","97"
"743","11","8","97"
"744","6","8","97"
"745","13","8","97"
"746","8","8","97"
"747","4","8","97"
"748","14","8","97"
"749","9","8","97"
"750","38","8","97"
"751","30","8","98"
"752","3","8","98"
"753","15","8","98"
"754","16","8","98"
"755","18","8","98"
"756","11","8","98"
"757","6","8","98"
"758","13","8","98"
"759","8","8","98"
"760","4","8","98"
"761","14","8","98"
"762","9","8","98"
"763","38","8","98"
"764","30","8","99"
"765","3","8","99"
"766","15","8","99"
"767","16","8","99"
"768","18","8","99"
"769","11","8","99"
"770","6","8","99"
"771","13","8","99"
"772","8","8","99"
"773","4","8","99"
"774","9","8","99"
"775","14","8","99"
"776","38","8","99"
"777","30","8","100"
"778","3","8","100"
"779","15","8","100"
"780","16","8","100"
"781","25","8","100"
"782","11","8","100"
"783","6","8","100"
"784","13","8","100"
"785","8","8","100"
"786","4","8","100"
"787","9","8","100"
"788","14","8","100"
"789","38","8","100"
"790","30","8","101"
"791","3","8","101"
"792","15","8","101"
"793","16","8","101"
"794","25","8","101"
"795","11","8","101"
"796","6","8","101"
"797","13","8","101"
"798","8","8","101"
"799","4","8","101"
"800","9","8","101"
"801","14","8","101"
"802","38","8","101"
"803","30","8","103"
"804","3","8","103"
"805","15","8","103"
"806","16","8","103"
"807","25","8","103"
"808","11","8","103"
"809","6","8","103"
"810","13","8","103"
"811","8","8","103"
"812","4","8","103"
"813","9","8","103"
"814","14","8","103"
"815","38","8","103"
"816","30","8","104"
"817","8","8","104"
"818","14","8","104"
"819","13","8","104"
"820","38","8","104"
"821","9","8","104"
"822","11","8","104"
"823","25","8","104"
"824","15","8","104"
"825","4","8","104"
"826","6","8","104"
"827","16","8","104"
"828","3","8","104"
"829","30","8","105"
"830","3","8","105"
"831","8","8","105"
"832","13","8","105"
"833","14","8","105"
"834","9","8","105"
"835","25","8","105"
"836","36","8","105"
"837","6","8","105"
"838","4","8","105"
"839","11","8","105"
"840","15","8","105"
"841","16","8","105"
"842","30","8","106"
"843","3","8","106"
"844","8","8","106"
"845","25","8","106"
"846","36","8","106"
"847","9","8","106"
"848","13","8","106"
"849","14","8","106"
"850","15","8","106"
"851","4","8","106"
"852","11","8","106"
"853","6","8","106"
"854","16","8","106"
"855","17","8","106"
"856","30","8","107"
"857","3","8","107"
"858","8","8","107"
"859","36","8","107"
"860","13","8","107"
"861","14","8","107"
"862","4","8","107"
"863","6","8","107"
"864","16","8","107"
"865","9","8","107"
"866","15","8","107"
"867","11","8","107"
"868","25","8","107"
"869","17","8","107"
"870","30","8","108"
"871","3","8","108"
"872","8","8","108"
"873","25","8","108"
"874","36","8","108"
"875","9","8","108"
"876","13","8","108"
"877","14","8","108"
"878","15","8","108"
"879","4","8","108"
"880","11","8","108"
"881","6","8","108"
"882","16","8","108"
"884","30","8","109"
"885","3","8","109"
"886","8","8","109"
"887","25","8","109"
"888","36","8","109"
"889","9","8","109"
"890","13","8","109"
"891","14","8","109"
"892","15","8","109"
"893","4","8","109"
"894","11","8","109"
"895","6","8","109"
"896","16","8","109"
"897","17","8","109"
"898","30","8","110"
"899","3","8","110"
"900","8","8","110"
"901","25","8","110"
"902","36","8","110"
"903","9","8","110"
"904","13","8","110"
"905","14","8","110"
"906","15","8","110"
"907","4","8","110"
"908","11","8","110"
"909","6","8","110"
"910","16","8","110"
"911","17","8","110"
"912","30","8","111"
"913","3","8","111"
"914","8","8","111"
"915","25","8","111"
"916","36","8","111"
"917","9","8","111"
"918","13","8","111"
"919","14","8","111"
"920","15","8","111"
"921","4","8","111"
"922","11","8","111"
"923","6","8","111"
"924","16","8","111"
"925","17","8","111"
"926","30","8","112"
"927","3","8","112"
"928","8","8","112"
"929","25","8","112"
"930","36","8","112"
"931","9","8","112"
"932","13","8","112"
"933","14","8","112"
"934","15","8","112"
"935","4","8","112"
"936","11","8","112"
"937","6","8","112"
"938","16","8","112"
"939","17","8","112"
"940","30","8","113"
"941","3","8","113"
"942","8","8","113"
"943","25","8","113"
"944","36","8","113"
"945","9","8","113"
"946","13","8","113"
"947","14","8","113"
"948","15","8","113"
"949","4","8","113"
"950","11","8","113"
"951","16","8","113"
"952","6","8","113"
"953","17","8","113"
"954","30","8","114"
"955","3","8","114"
"956","8","8","114"
"957","9","8","114"
"958","25","8","114"
"959","11","8","114"
"960","13","8","114"
"961","14","8","114"
"962","36","8","114"
"963","4","8","114"
"964","15","8","114"
"965","16","8","114"
"966","6","8","114"
"967","17","8","114"
"968","30","8","115"
"969","3","8","115"
"970","8","8","115"
"971","9","8","115"
"972","25","8","115"
"973","11","8","115"
"974","13","8","115"
"975","14","8","115"
"976","36","8","115"
"977","4","8","115"
"978","15","8","115"
"979","16","8","115"
"980","6","8","115"
"981","17","8","115"
"982","30","8","116"
"983","3","8","116"
"984","8","8","116"
"985","9","8","116"
"986","25","8","116"
"987","11","8","116"
"988","13","8","116"
"989","14","8","116"
"990","36","8","116"
"991","4","8","116"
"992","15","8","116"
"993","16","8","116"
"994","6","8","116"
"995","17","8","116"
"996","30","8","117"
"997","3","8","117"
"998","8","8","117"
"999","9","8","117"
"1000","25","8","117"
"1001","11","8","117"
"1002","13","8","117"
"1003","14","8","117"
"1004","36","8","117"
"1005","4","8","117"
"1006","16","8","117"
"1007","15","8","117"
"1008","6","8","117"
"1009","17","8","117"
