"IdP","Qta","IdU","Meno"
,"0","6","False"
"1","46","1","False"
"2","9.5","1","False"
"3","7.5","1","False"
"4","20","2","False"
"5","65.5","1","False"
"6","58","1","False"
"7","19","1","False"
"8","9","1","False"
"8","60","3","False"
"9","46","2","False"
"10","92","6","False"
"10","20","8","False"
"11","53.5","1","False"
"12","15","1","False"
"13","9","1","False"
"13","20","3","True"
"14","33","2","False"
"15","52.5","1","False"
"16","17.5","1","False"
"17","9","1","False"
"17","20","3","False"
"18","29","2","False"
"19","49","1","False"
"20","17.5","1","False"
"21","9","1","False"
"21","60","3","False"
"22","27","2","False"
"23","79","1","False"
"23","40","3","False"
"24","56","1","False"
"25","20","1","False"
"26","8","1","False"
"27","4","1","False"
"27","10","3","False"
"28","82","1","False"
"28","17","3","False"
"29","73","1","False"
"29","6.5","2","False"
"30","21","1","False"
"31","8","1","False"
"31","20","3","False"
"32","21","2","False"
"33","105.5","1","False"
"33","10","3","False"
"34","56","1","False"
"35","20","1","False"
"35","1","3","False"
"36","28","1","False"
"36","50","3","False"
"37","7","1","False"
"37","1","3","False"
"38","200","1","False"
"39","50","6","False"
"40","2","1","False"
"41","17","2","False"
"42","25","2","False"
"43","2","1","False"
"44","10","1","False"
"44","25","3","False"
"45","8","1","False"
"46","5.5","1","False"
"47","19","1","False"
"47","40","3","False"
"48","25","1","False"
"49","5","1","False"
"49","60","3","False"
"50","8","6","False"
"50","6","7","False"
"51","393","6","False"
"51","5","7","False"
"51","8","8","False"
"52","233","1","False"
"53","56.5","1","False"
"54","51","1","False"
"55","17","1","False"
"55","5","3","False"
"56","6","1","False"
"56","5","3","False"
"57","25","1","False"
"58","8","1","False"
"58","5","3","False"
"59","8","1","False"
"60","14","2","False"
"61","12","1","False"
"62","3","1","False"
"62","110","3","False"
"63","1093","6","False"
"64","9","1","False"
"65","502","6","False"
"65","139","7","False"
"66","78","1","False"
"67","22","1","False"
"68","10","1","False"
"69","48","2","False"
"70","116","1","False"
"71","400","6","False"
"72","40.5","6","False"
"73","10","6","False"
"74","70","1","False"
"75","19","1","False"
"76","9.5","1","False"
"77","60","2","False"
"78","65","1","False"
"79","21.5","1","False"
"80","10.5","1","False"
"81","57","2","False"
"82","69","1","False"
"83","22","1","False"
"84","11","1","False"
"85","60","2","False"
"86","119","1","False"
"87","32","1","False"
"88","28","7","False"
"89","5","1","False"
"89","6","2","False"
"90","196","6","False"
"90","47","8","False"
"91","70","1","False"
"92","21","1","False"
"93","9","1","False"
"94","5","1","False"
"95","87","1","False"
"96","25","1","False"
"97","12","1","False"
"98","4","1","False"
"98","10","3","False"
"99","149","6","False"
"99","66","8","False"
"100","222","1","False"
"101","64","1","False"
"102","35","1","False"
"102","25","3","False"
"103","8","1","False"
"103","20","3","False"
"104","12","1","False"
"104","5","3","False"
"105","24","1","False"
"106","6","1","False"
"106","20","3","False"
"107","8","1","False"
"108","9","1","False"
"108","45","3","False"
"109","6","1","False"
"109","10","3","False"
"110","4","1","False"
"110","20","3","False"
"111","12","2","False"
"112","2","1","False"
"112","10","3","False"
"113","87","1","False"
"114","18","1","False"
"115","11","1","False"
"116","56","2","False"
"117","143.5","6","False"
"118","90","1","False"
"119","21","1","False"
"120","12","1","False"
"121","43","2","False"
"122","94","1","False"
"123","23","1","False"
"124","11","1","False"
"125","5","1","False"
"125","60","3","False"
"126","80","1","False"
"127","23","1","False"
"128","9","1","False"
"129","5","1","False"
"129","20","3","False"
"130","81","1","False"
"131","24.5","1","False"
"132","12","1","False"
"133","42","2","False"
"134","85","1","False"
"135","21","1","False"
"136","10","1","False"
"136","40","3","False"
"137","55","2","False"
"138","87","1","False"
"139","20","1","False"
"140","9","1","False"
"140","6","2","False"
"141","57","2","False"
"142","86","1","False"
"143","20","1","False"
"144","10","1","False"
"145","63","2","False"
"146","144","6","False"
"146","4","7","False"
"146","3","8","False"
"146","4","9","False"
"147","93","1","False"
"148","21","1","False"
"149","10","1","False"
"150","64","2","False"
"151","154","6","False"
"152","90","1","False"
"153","20","1","False"
"154","10","1","False"
"154","4","2","False"
"155","61","2","False"
"156","147","6","False"
"156","7","7","False"
"156","2","8","False"
"157","88","1","False"
"158","20.5","1","False"
"159","10","1","False"
"160","47","2","False"
"161","145","6","False"
"161","16","8","False"
"161","8","9","False"
"162","82","1","False"
"163","23","1","False"
"164","9.5","1","False"
"165","52","2","False"
"166","114","6","False"
"166","53","8","False"
"167","80","1","False"
"168","24","1","False"
"169","10","1","False"
"169","1","3","False"
"170","56","2","False"
"171","83","1","False"
"172","23","1","False"
"172","20","3","False"
"173","12","1","False"
"174","58","2","False"
"175","119","6","False"
"175","58","8","False"
"176","96","1","False"
"177","27","1","False"
"178","12","1","False"
"179","62.5","2","False"
"180","95","1","False"
"181","93.5","1","False"
"182","24","1","False"
"183","11","1","False"
"183","100","3","False"
"184","55.5","2","False"
"185","160","6","False"
"185","3","7","False"
"185","18","8","False"
"186","20","1","False"
"187","11.5","1","False"
"188","60","2","False"
"189","154","6","False"
"189","13","8","False"
"189","4","9","False"
"190","94.5","1","False"
"191","23.5","1","False"
"192","12","1","False"
"193","73.5","2","False"
"194","99","1","False"
"195","24","1","False"
"196","13","6","False"
"196","3","7","False"
"196","6","8","False"
"196","8","9","False"
"197","66","2","False"
"198","13","1","False"
"199","20.5","1","False"
"200","7","1","False"
"201","7","1","False"
"202","7","1","False"
"203","7","1","False"
"204","7","1","False"
"204","25","3","True"
"205","10","2","False"
"205","7","3","False"
"205","2","9","True"
"206","10","2","False"
"206","6","3","False"
"206","8","9","False"
"207","10","2","False"
"207","6","3","False"
"208","10","2","False"
"208","6","3","False"
"209","10","2","False"
"209","6","3","False"
"209","9","9","False"
"210","10","2","False"
"210","7","3","False"
"210","1","8","False"
"211","20","2","False"
"212","20","2","False"
"213","20","2","False"
"214","2.5","1","False"
"215","2","1","False"
"215","49","3","False"
"215","31","3","False"
"216","20","2","False"
"217","171.5","1","False"
"218","113","1","False"
"218","50","3","False"
"219","142","1","False"
"219","40","3","False"
"220","104","1","False"
"220","10","3","False"
"221","37","1","False"
"222","125","1","False"
"223","102","1","False"
"224","1","3","False"
"224","63","1","False"
"225","191","1","False"
"226","80","1","False"
"227","140","1","False"
"227","50","3","False"
"228","2","1","False"
"228","12","3","False"
"229","600","1","False"
"230","600","1","False"
"231","600","1","False"
"232","82","1","False"
"233","82","1","False"
"234","82","1","False"
"235","82","1","False"
"236","82","1","False"
"237","160","1","False"
"238","160","1","False"
"239","160","1","False"
"240","160","1","False"
"241","160","1","False"
"242","130","1","False"
"243","130","1","False"
"244","130","1","False"
"245","130","1","False"
"246","130","1","False"
"247","141","1","False"
"248","80","1","False"
"249","63","1","False"
"249","1","3","False"
"250","3","1","False"
"250","41","3","False"
"251","1","1","False"
"252","40","1","False"
"253","6","1","False"
"253","1","3","False"
"254","2","1","False"
"255","125","1","False"
"256","35.5","6","False"
"257","32","1","False"
"257","50","3","False"
"258","160.5","1","False"
"259","158","1","False"
"260","93","1","False"
"261","94","1","False"
"262","343","1","False"
"263","140","1","False"
"264","11","1","False"
"266","66","6","False"
"267","66","6","False"
"268","60.5","1","False"
"269","60.5","1","False"
"270","260","1","False"
"271","1661","11","False"
"272","96","1","False"
"273","91","1","False"
"275","150","1","False"
"277","75","1","False"
"278","75","1","False"
"279","800","1","False"
"280","276","11","False"
"281","276","11","False"
"282","276","11","False"
"283","82.5","6","False"
"284","82.5","6","False"
"285","35","6","False"
"286","35","6","False"
"287","35","6","False"
"288","68000","9","False"
"289","68000","9","False"
"290","68000","9","False"
"291","801","1","False"
"292","150","1","False"
"293","880","1","False"
"294","3","1","False"
"294","2","3","False"
"295","8","1","False"
"295","4","3","False"
"296","10","6","False"
"297","10","6","False"
"298","10","6","False"
"299","10","1","False"
"300","10","6","False"
"301","200","1","False"
"303","48","1","False"
"304","27","1","False"
"305","15","1","False"
"306","61","1","False"
"307","30","1","False"
"308","30","1","False"
"309","22.5","1","False"
"310","21","1","False"
"311","22.5","1","False"
"312","45","1","False"
"313","120","3","False"
"314","261","12","False"
"315",,"0","False"
"316","22","1","False"
"316","8","3","False"
"317","4","1","False"
"318","10.5","1","False"
"319","61","1","False"
"319","1","3","False"
"320","7","1","False"
"320","25","3","False"
"321","12.5","1","False"
"322","4","1","False"
"322","10","3","False"
"323","7","1","False"
"323","10","3","False"
"324","6.5","2","False"
"325","2.5","1","False"
"326","2.5","1","False"
"327","2","1","False"
"327","100","3","False"
"328","5.5","1","False"
"329","6","1","False"
"329","2","3","False"
"330","1","1","False"
"330","40","3","False"
"331","28","1","False"
"332","6.5","1","False"
"333","6","1","False"
"333","20","3","False"
"334","5","1","False"
"335","10","2","False"
"335","1","3","False"
"336","12","2","False"
"337","2","1","False"
"338","3.5","1","False"
"339","5","1","False"
"339","101","3","False"
"340","12","2","False"
"341","25","1","False"
"341","40","3","False"
"342","18","1","False"
"343","6","1","False"
"343","15","3","False"
"344","17","1","False"
"344","10","3","False"
"345","5","1","False"
"345","100","3","False"
"346","1","1","False"
"346","9","3","False"
"347","12","2","False"
"348","4","1","False"
"348","110","3","False"
"349","21","1","False"
"349","20","3","False"
"350","4","1","False"
"351","4","1","False"
"351","110","3","False"
"352","10","2","False"
"353","7.5","1","False"
"354","5","1","False"
"354","10","3","False"
"355","9.5","1","False"
"356","4","1","False"
"356","40","3","False"
"357","7","1","False"
"357","10","3","False"
"358","1","1","False"
"358","55","3","False"
"359","2","1","False"
"360","4.5","1","False"
"361","23","1","False"
"361","1","3","False"
"362","3.5","1","False"
"363","4.5","1","False"
"364","12","2","False"
"365","8","1","False"
"366","4","1","False"
"367","14","1","False"
"368","8","1","False"
"369","27","1","False"
"370","10","1","False"
"370","40","3","False"
"371","1","1","False"
"371","5","3","False"
"372","12","2","False"
"372","15","3","False"
"373","5","1","False"
"374","18","1","False"
"375","3","1","False"
"375","50","3","False"
"376","5.5","1","False"
"377","7","2","False"
"377","18","3","False"
"378","6","1","False"
"379","6","1","False"
"379","20","3","False"
"380","19","1","False"
"380","20","3","False"
"381","4","1","False"
"381","10","3","False"
"382","10.5","1","False"
"383","140","3","False"
"384","2","1","False"
"384","10","3","False"
"385","5","1","False"
"385","25","3","False"
"386","14","1","False"
"387","3.5","1","False"
"388","6","1","False"
"388","100","3","False"
"389","1","1","False"
"389","60","3","False"
"390","7","1","False"
"390","40","3","True"
"391","5","1","False"
"391","40","3","True"
"392","12","1","False"
"392","20","3","False"
"393","3","1","False"
"393","105","3","False"
"394","25","1","False"
"394","10","3","False"
"395","211","1","False"
"396","9","1","False"
"396","60","3","False"
"397","1","1","False"
"397","2","3","False"
"398","4","1","False"
"398","7","3","False"
"399","13","1","False"
"399","5","3","False"
"400","3","1","False"
"400","20","3","False"
"401","7.5","1","False"
"402","13","1","False"
"403","4","1","False"
"403","5","3","False"
"404","26","1","False"
"405","2","1","False"
"405","20","3","False"
"406","5.5","1","False"
"407","4.5","1","False"
"407","15","3","False"
"408","211.5","1","False"
"409","10","1","False"
"409","40","3","False"
"410","11","2","False"
"411","3","1","False"
"412","16","1","False"
"412","20","3","False"
"413","3","1","False"
"413","20","3","False"
"414","6.5","1","False"
"415","12.5","1","False"
"416","5.5","1","False"
"417","43","1","False"
"418","19","2","False"
"419","6","1","False"
"419","20","3","False"
"420","3","1","False"
"420","100","3","False"
"421","243","1","False"
"422","52","1","False"
"422","40","3","False"
"423","13","1","False"
"423","50","3","False"
"424","11","2","False"
"424","5","3","False"
"425","7","1","False"
"426","27","1","False"
"427","2.5","1","False"
"428","7","1","False"
"428","132","3","False"
"429","19.5","1","False"
"430","6","1","False"
"430","40","3","False"
"431","17","2","False"
"431","1","3","False"
"432","6","1","False"
"432","100","3","False"
"433","4","1","False"
"433","103","3","False"
"434","136","1","False"
"435","76","1","False"
"436","52.5","1","False"
"437","14.5","1","False"
"438","7.5","1","False"
"439","34","1","False"
"440","8","1","False"
"440","20","3","False"
"441","21.5","1","False"
"441","5","3","False"
"442","6.5","1","False"
"443","22","2","False"
"444","8.5","1","False"
"445","9","2","False"
"446","2","1","False"
"446","40","3","False"
"447","5","1","False"
"447","60","3","False"
"448","139.5","1","False"
"449","85","1","False"
"449","1","3","False"
"450","50","1","False"
"450","100","3","False"
"451","12","1","False"
"452","7.5","1","False"
"452","5","3","False"
"453","31","1","False"
"454","8","1","False"
"455","26","1","False"
"456","5","1","False"
"456","40","3","False"
"457","19.5","2","False"
"458","9","1","False"
"458","20","3","False"
"459","1","1","False"
"460","2.5","1","False"
"461","5","1","False"
"461","100","3","False"
"462","7","1","False"
"462","85","3","False"
"463","1","1","False"
"464","2","1","False"
"464","5","3","False"
"465","3","1","False"
"466","11","1","False"
"466","20","3","False"
"467","3","1","False"
"467","10","3","False"
"468","6","1","False"
"469","13","2","False"
"470","6","1","False"
"470","25","3","False"
"471","4","1","False"
"472","9.5","1","False"
"473","4","1","False"
"473","20","3","False"
"474","25","1","False"
"474","40","3","False"
"475","260","1","False"
"476","54","1","False"
"476","125","3","False"
"477","10","1","False"
"478","6","1","False"
"479","23","1","False"
"479","40","3","False"
"480","10","1","False"
"481","26","1","False"
"482","5","1","False"
"482","40","3","False"
"483","2","1","False"
"483","5","3","False"
"484","9","1","False"
"484","25","3","False"
"485","1","1","False"
"485","30","3","False"
"486","3","1","False"
"486","10","3","False"
"487","4.5","1","False"
"489","6.5","1","False"
"490","6","1","False"
"490","20","3","False"
"491","232.5","1","False"
"492","55","1","False"
"493","8","1","False"
"493","60","3","False"
"494","8","1","False"
"494","20","3","False"
"495","26","1","False"
"495","100","3","False"
"496","9","1","False"
"497","18","1","False"
"498","8.5","1","False"
"499","19","2","False"
"500","9","1","False"
"500","120","3","False"
"501","9","2","False"
"501","2","3","False"
"502","3","1","False"
"502","60","3","False"
"503","5","1","False"
"503","110","3","False"
"504","242","1","False"
"505","67","1","False"
"506","9","1","False"
"507","7","1","False"
"508","24","1","False"
"508","5","3","False"
"509","9","1","False"
"509","21","3","False"
"510","25.5","1","False"
"510","10","3","False"
"511","6.5","1","False"
"511","10","3","False"
"512","17","2","False"
"513","6","1","False"
"513","100","3","False"
"514","1","1","False"
"514","1","3","False"
"515","3","1","False"
"516","5","1","False"
"517","206","1","False"
"518","53","1","False"
"519","40","1","False"
"520","10.5","1","False"
"520","10","3","False"
"521","20","1","False"
"521","105","3","False"
"522","15.5","1","False"
"522","10","3","False"
"523","4","1","False"
"523","120","3","False"
"524","7","1","False"
"524","5","3","False"
"525","8.5","1","False"
"526","6","1","False"
"527","3","1","False"
"527","32","3","False"
"528","18","2","False"
"529","1","1","False"
"529","10","3","False"
"530","211","1","False"
"531","53","1","False"
"531","5","3","False"
"532","47","1","False"
"532","1","3","False"
"533","20","1","False"
"534","8","1","False"
"535","5","1","False"
"535","120","3","False"
"536","16.5","1","False"
"536","1","3","False"
"537","7","1","False"
"537","32","3","False"
"538","2","1","False"
"539","10","1","False"
"540","4","1","False"
"541","6","1","False"
"541","40","3","False"
"542","52","1","False"
"543","40","1","False"
"544","20","1","False"
"545","10","1","False"
"545","10","3","False"
"546","16","1","False"
"546","100","3","False"
"547","7","1","False"
"548","8","1","False"
"549","4","1","False"
"550","6","1","False"
"551","248","1","False"
"551","20","3","False"
"552","53","1","False"
"552","10","3","False"
"553","50","1","False"
"553","40","3","False"
"554","20","1","False"
"555","10","1","False"
"556","19","1","False"
"557","11","1","False"
"558","9","1","False"
"559","2","1","False"
"559","5","3","False"
"560","10","1","False"
"560","100","3","False"
"561","4","1","False"
"562","7","1","False"
"562","5","3","False"
"563","227.5","1","False"
"564","60","1","False"
"565","50","1","False"
"565","20","3","False"
"566","20","1","False"
"567","8","1","False"
"568","20","1","False"
"568","20","3","False"
"569","11.5","1","False"
"570","7","1","False"
"570","140","3","False"
"571","12","2","False"
"572","8","1","False"
"572","20","3","False"
"573","2","1","False"
"574","7","1","False"
"575","229","1","False"
"575","120","3","False"
"576","60","1","False"
"577","33","1","False"
"578","14","1","False"
"579","5","1","False"
"580","16","1","False"
"580","100","3","False"
"581","5","1","False"
"581","20","3","False"
"582","5","1","False"
"583","1","1","False"
"583","50","3","False"
"584","12","1","False"
"584","20","3","False"
"585","8","1","False"
"585","1","3","False"
"586","3.5","1","False"
"587","300","1","False"
"588","100","11","False"
"589","42","11","False"
"590","22.5","1","False"
"590","5","3","False"
"591","5","1","False"
"591","6","2","False"
"592","14.5","1","False"
"593","10.5","1","False"
"594","5","1","False"
"594","7","2","False"
"595","11","2","False"
"596","17","1","False"
"596","50","3","False"
"597","8","1","False"
"598","4","1","False"
"599","211","1","False"
"600","55.5","1","False"
"601","36","1","False"
"602","29","1","False"
"603","6","1","False"
"604","12","1","False"
"605","13","1","False"
"605","25","3","False"
"606","8","1","False"
"607","1.5","1","False"
"608","18","1","False"
"608","5","3","False"
"609","9","1","False"
"610","4","1","False"
"610","40","3","False"
"611","215.5","1","False"
"611","5","3","False"
"612","56","1","False"
"613","31.5","1","False"
"614","32","1","False"
"615","7","1","False"
"615","20","3","False"
"616","12","1","False"
"617","14","1","False"
"617","61","3","False"
"618","9","1","False"
"618","100","3","False"
"619","2","1","False"
"620","13","1","False"
"621","9","1","False"
"622","29.5","2","False"
"623","232","1","False"
"624","60","1","False"
"625","6.5","1","False"
"626","15","1","False"
"626","100","3","False"
"627","6","1","False"
"627","100","3","False"
"628","18","2","False"
"628","5","3","False"
"629","9","1","False"
"629","5","3","False"
"630","7","1","False"
"630","40","3","True"
"631","4","1","False"
"631","5","3","False"
"632","10","1","False"
"633","4","1","False"
"633","90","3","False"
"634","2","1","False"
"634","60","3","False"
"635","56","1","False"
"636","20","1","False"
"637","3.5","1","False"
"638","2","1","False"
"638","10","3","False"
"639","9","1","False"
"639","5","3","False"
"640","9","1","False"
"641","5","1","False"
"641","15","3","False"
"642","56","1","False"
"644","3.5","1","False"
"645","2","1","False"
"645","10","3","False"
"646","9","1","False"
"646","5","3","False"
"647","9","1","False"
"648","5","1","False"
"648","15","3","False"
"649","24","1","False"
"650","8","2","False"
"650","5","3","False"
"651","7","1","False"
"652","6.5","1","False"
"652","10","3","False"
"653","2","6","False"
"654","2","6","False"
"655","193","1","False"
"656","50","1","False"
"657","17","1","False"
"658","23","1","False"
"658","40","3","False"
"659","4","1","False"
"659","25","3","False"
"660","14","1","False"
"660","5","3","True"
"661","8","1","False"
"661","5","3","False"
"662","3.5","1","False"
"663","20","2","False"
"664","11","1","False"
"664","5","3","False"
"665","8","1","False"
"665","105","3","False"
"666","8","1","False"
"666","5","3","False"
"667","6","1","False"
"667","15","3","False"
"668","196","1","False"
"668","20","3","False"
"669","20","1","False"
"670","20","1","False"
"671","16","1","False"
"672","18","1","False"
"673","3","1","False"
"673","45","3","False"
"674","9","1","False"
"674","20","3","False"
"675","6","1","False"
"675","10","3","False"
"676","4","1","False"
"677","14.5","7","False"
"678","10","1","False"
"678","10","3","False"
"679","7","1","False"
"679","10","3","False"
"680","4","1","False"
"680","115","3","False"
"681","6","1","False"
"681","25","3","False"
"682","185","1","False"
"683","23","1","False"
"684","23","1","False"
"685","25","1","False"
"686","18","1","False"
"687","6","1","False"
"687","55","3","False"
"688","8","1","False"
"689","5","1","False"
"690","8","1","False"
"690","5","3","False"
"691","4.5","1","False"
"692","16.5","2","False"
"693","9","1","False"
"693","20","3","False"
"694","3","1","False"
"695","4","1","False"
"696","193","1","False"
"697","23","1","False"
"698","23","1","False"
"699","23","1","False"
"700","25","1","False"
"701","25","1","False"
"702","4","1","False"
"702","40","3","False"
"703","11","1","False"
"704","7.5","1","False"
"704","5","3","False"
"705","3","1","False"
"705","100","3","False"
"706","17","2","False"
"707","6","1","False"
"708","4","1","False"
"708","105","3","False"
"709","7","1","False"
"709","102","3","False"
"710","7","1","False"
"711","168","1","False"
"712","51","1","False"
"712","5","3","False"
"713","26","1","False"
"714","26","1","False"
"715","3.5","1","False"
"716","10","1","False"
"716","40","3","False"
"717","8","1","False"
"717","100","3","False"
"718","2","1","False"
"718","40","3","False"
"719","2","1","False"
"719","45","3","False"
"720","6","1","False"
"721","4","1","False"
"721","120","3","False"
"722","5.5","1","False"
"723","6","1","False"
"724","180","1","False"
"724","20","3","False"
"725","27.5","1","False"
"725","5","3","False"
"726","27.5","1","False"
"726","5","3","False"
"727","28","1","False"
"727","5","3","False"
"728","26","1","False"
"728","60","3","False"
"729","17","2","False"
"730","8","1","False"
"730","20","3","False"
"731","9","1","False"
"732","4.5","1","False"
"732","5","3","False"
"733","14","2","False"
"734","4","1","False"
"734","100","3","False"
"735","5","1","False"
"736","7","1","False"
"736","105","3","False"
"737","6.5","1","False"
"738","201","1","False"
"739","60","1","False"
"739","6","2","False"
"740","28","1","False"
"740","5","3","False"
"741","23","1","False"
"741","5","3","False"
"742","22","2","False"
"743","10","1","False"
"744","10","1","False"
"744","10","3","False"
"745","4","1","False"
"745","15","3","False"
"746","19","2","False"
"747","9","1","False"
"747","24","3","False"
"748","5","1","False"
"748","5","3","False"
"749","8","1","False"
"749","5","3","False"
"750","29.5","2","False"
"751","194","1","False"
"751","5","3","False"
"752","50","0","False"
"753","36","1","False"
"753","6","2","False"
"754","25","1","False"
"754","100","3","False"
"755","20","2","False"
"755","15","3","False"
"756","10","1","False"
"756","10","3","False"
"757","10","1","False"
"757","5","3","False"
"758","4","1","False"
"758","40","3","False"
"761","5","1","False"
"762","7","1","False"
"762","10","3","False"
"763","4","1","False"
"764","202","1","False"
"765","52","1","False"
"765","40","3","False"
"766","28","1","False"
"767","28","1","False"
"767","15","3","False"
"768","18","2","False"
"769","7","1","False"
"769","50","3","False"
"770","10","1","False"
"770","5","3","False"
"771","5","1","False"
"771","7","3","False"
"772","12","2","False"
"772","5","3","False"
"773","9","1","False"
"773","3","3","False"
"774","7","1","False"
"774","100","3","False"
"775","4.5","1","False"
"776","24","2","False"
"777","220","1","False"
"778","55","1","False"
"779","18","1","False"
"779","40","3","False"
"780","23","1","False"
"780","10","3","False"
"781","18","2","False"
"782","6.5","1","False"
"783","9","1","False"
"783","100","3","False"
"784","6","1","False"
"784","20","3","False"
"785","12","2","False"
"785","5","3","False"
"786","9","1","False"
"787","5.5","1","False"
"788","27","2","False"
"789","3","1","False"
"789","20","3","False"
"790","185","1","False"
"790","5","3","False"
"791","53","1","False"
"791","20","3","False"
"792","16","1","False"
"793","18","1","False"
"794","2","1","False"
"795","5","1","False"
"796","5.5","1","False"
"797","2","1","False"
"797","5","3","False"
"798","10","2","False"
"798","5","3","False"
"799","9.5","1","False"
"800","7","1","False"
"801","5","1","False"
"801","100","3","False"
"802","18","2","False"
"803","210","1","False"
"804","60","1","False"
"805","15","1","False"
"806","18","1","False"
"806","90","3","False"
"807","2.5","1","False"
"808","5","1","False"
"808","25","3","False"
"809","9.5","1","False"
"810","3.5","1","False"
"811","2","1","False"
"811","35","3","False"
"812","9","1","False"
"812","40","3","False"
"813","8","1","False"
"814","4","1","False"
"814","5","3","False"
"815","4","1","False"
"815","45","3","False"
"816","203","1","False"
"816","20","3","False"
"817","13","2","False"
"818","4","1","False"
"818","40","3","False"
"819","5","1","False"
"820","5","1","False"
"821","6","1","False"
"821","45","3","False"
"822","5","1","False"
"823","14.5","2","False"
"824","21","1","False"
"825","6","1","False"
"825","25","3","False"
"826","13","1","False"
"826","40","3","False"
"827","20","1","False"
"828","60","1","False"
"829","180.5","1","False"
"830","60","1","False"
"831","13.5","2","False"
"832","4.5","1","False"
"833","3","1","False"
"833","6","2","False"
"834","5","1","False"
"834","45","3","False"
"835","10","2","False"
"835","15","3","False"
"836","3.5","1","False"
"837","14","1","False"
"837","20","3","False"
"838","6.5","1","False"
"839","6","1","False"
"839","31","3","False"
"840","16.5","1","False"
"841","21","1","False"
"842","200","1","False"
"843","53","1","False"
"843","20","3","False"
"844","2","1","False"
"845","17","2","False"
"846","25","2","False"
"847","8","1","False"
"848","2","1","False"
"849","4","1","False"
"849","45","3","False"
"850","10","1","False"
"850","25","3","False"
"851","8","1","False"
"852","5.5","1","False"
"853","19","1","False"
"853","40","3","False"
"854","25","1","False"
"855","5","1","False"
"855","60","3","False"
"856","160","1","False"
"857","45","1","False"
"858","12","2","False"
"859","17","2","False"
"860","25","2","False"
"861","28.5","2","False"
"862","6","1","False"
"862","20","3","False"
"863","20","1","False"
"864","23","1","False"
"864","50","3","False"
"865","7","1","False"
"865","26","3","False"
"866","5","1","False"
"867","4","1","False"
"868","1","1","False"
"869","3","1","False"
"870","200","1","False"
"871","55","1","False"
"872","12","2","False"
"872","5","3","False"
"873","7","2","False"
"874","18","2","False"
"875","7","1","False"
"876","30","2","False"
"876","1","3","False"
"877","20.5","2","False"
"878","6","1","False"
"878","40","3","False"
"879","4","1","False"
"880","4","1","False"
"880","7","2","False"
"881","22","1","False"
"881","40","3","False"
"882","24","1","False"
"882","60","3","False"
"884","174","1","False"
"884","15","3","False"
"885","49","1","False"
"886","11","2","False"
"887","6","2","False"
"888","26","2","False"
"889","6","1","False"
"889","105","3","False"
"890","25.5","2","False"
"891","24","2","False"
"892","5","1","False"
"892","115","3","False"
"893","7","1","False"
"893","40","3","False"
"894","5","1","False"
"895","22","1","False"
"896","25","1","False"
"896","20","3","False"
"897","16","2","False"
"898","182","1","False"
"899","50","1","False"
"899","40","3","False"
"900","11","2","False"
"901","12","2","False"
"902","26","2","False"
"903","6","1","False"
"903","100","3","False"
"904","27","2","False"
"905","22","2","False"
"906","7","1","False"
"906","10","3","False"
"907","5","1","False"
"908","5.5","1","False"
"909","22","1","False"
"909","20","3","False"
"910","24","1","False"
"910","40","3","False"
"911","2","1","False"
"912","215","1","False"
"913","46.5","1","False"
"914","7.5","2","False"
"915","5","2","False"
"916","26","2","False"
"916","5","3","False"
"917","6","1","False"
"917","100","3","False"
"918","26","2","False"
"919","17.5","2","False"
"920","5","1","False"
"920","40","3","False"
"921","3","1","False"
"921","10","3","False"
"922","5","1","False"
"923","23.5","1","False"
"924","23.5","1","False"
"925","2","1","False"
"926","165","1","False"
"927","48","1","False"
"927","10","3","False"
"928","5","2","False"
"929","8","2","False"
"930","26","2","False"
"930","10","3","False"
"931","57","2","False"
"932","25","2","False"
"932","5","3","False"
"933","20","2","False"
"934","9","1","False"
"934","50","3","False"
"935","37","2","False"
"936","33.5","2","False"
"937","17","1","False"
"937","10","3","False"
"938","16","1","False"
"939","2","1","False"
"940","203","1","False"
"941","48","1","False"
"942","10","2","False"
"942","5","3","False"
"943","8","2","False"
"943","10","3","False"
"944","30.5","2","False"
"945","10","1","False"
"946","33","2","False"
"946","5","3","False"
"947","17","2","False"
"948","12.5","1","False"
"949","44","2","False"
"950","41","2","False"
"951","23","1","False"
"952","25.5","1","False"
"953","2","1","False"
"954","170","1","False"
"955","40.5","1","False"
"956","8","2","False"
"956","10","3","False"
"957","7","1","False"
"957","90","3","False"
"958","10","2","False"
"959","4.5","1","False"
"960","5","1","False"
"961","1","1","False"
"961","20","3","False"
"962","22","2","False"
"962","5","3","False"
"963","5","1","False"
"963","6","2","False"
"964","6","1","False"
"964","20","3","False"
"965","22.5","1","False"
"966","30","1","False"
"967","2","1","False"
"967","40","3","False"
"968","204.5","1","False"
"969","42","1","False"
"969","20","3","False"
"970","10","2","False"
"971","6","1","False"
"972","12.5","2","False"
"973","4","1","False"
"974","30","2","False"
"974","1","3","False"
"975","10","2","False"
"976","3","1","False"
"977","7","1","False"
"978","7","1","False"
"979","17","1","False"
"979","40","0","False"
"980","26","1","False"
"980","40","3","False"
"981","21","2","False"
"982","200","1","False"
"983","41","1","False"
"983","20","3","False"
"984","11","2","False"
"984","11","3","False"
"985","8","1","False"
"985","45","3","False"
"986","2","1","False"
"987","4","1","False"
"987","20","3","False"
"988","3","1","False"
"988","90","3","False"
"989","13","2","False"
"990","4","1","False"
"991","6","1","False"
"991","7","2","False"
"992","6","1","False"
"992","20","3","False"
"993","20.5","1","False"
"994","25","1","False"
"994","10","3","False"
"995","22","2","False"
"996","150","1","False"
"997","46","1","False"
"998","11","2","False"
"998","5","3","False"
"998",,"0","False"
"999","8","1","False"
"999","45","3","False"
"1000","15","2","False"
"1001","4","1","False"
"1001","20","3","False"
"1002","20","2","False"
"1003","1","1","False"
"1004","34","2","False"
"1004","10","3","False"
"1005","55","2","False"
"1006","20","1","False"
"1007","6","1","False"
"1007","20","3","False"
"1008","16","1","False"
"1008","12","3","False"
"1009","20","7","False"
